NCMs;CFOPs;Descrição;Monofásico?;Data
 1008-30-90;5405.0;ALPISTE 500 GR - RAÇAO GRANEL;Não;2020-01-09 00:00:00
 1103-13-00;5102.0;CANJIQUINHA MEDIA 1 kg - RACAO GRANEL;Não;2020-01-14 00:00:00
 1104-23-00;5102.0;MILHO SACO 50 KG;Não;2020-01-10 00:00:00
 1104-23-00;5102.0;MILHO SACO 25 KG;Não;2020-01-14 00:00:00
 1206-00-90;5405.0;SEMENTE GIRASSOL  PCT 500 GR - RAÇAO GRANEL;Não;2020-01-15 00:00:00
 2201-10-00;5102.0;AGUA MINERAL NATURAL 20 LTS;Sim;2020-01-02 00:00:00
 2302-30-10;5405.0;FARELO TRIGO 40kg;Não;2020-01-10 00:00:00
 2309-10-00;5102.0;DOG JUNIOR - RAÇAO GRANEL;Não;2020-01-02 00:00:00
 2309-10-00;5102.0;DOG SPECIAL - RAÇAO GRANEL;Não;2020-01-03 00:00:00
 2309-10-00;5102.0;RAÇAS PEQ SPECIAL DOG - RAÇAO GRANEL;Não;2020-01-03 00:00:00
 2309-10-00;5405.0;PITUKINHA - RAÇAO GRANEL;Não;2020-01-04 00:00:00
 2309-10-00;5102.0;CAT PEIXE - RAÇAO GRANEL;Não;2020-01-14 00:00:00
 2309-90-10;5102.0;PEDIGREE SACHE AD RAÇA PEQ FRANGO 100 GR;Não;2020-01-02 00:00:00
 2309-90-10;5102.0;RAÇAO SPECIAL DOG - 15 KG;Não;2020-01-02 00:00:00
 2309-90-10;5102.0;LIGHT SPECIAJ DOG - RAÇAO GRANEL;Não;2020-01-03 00:00:00
 2309-90-10;5102.0;CAT FILHOTES - RAÇAO GRANEL;Não;2020-01-03 00:00:00
 2309-90-10;5102.0;HOT CAT MIX - RAÇAO GRANEL;Não;2020-01-04 00:00:00
 2309-90-10;5102.0;CAT MIX - RAÇAO GRANEL;Não;2020-01-04 00:00:00
 2309-90-10;5102.0;HOT CAT PEIXE KG;Não;2020-01-06 00:00:00
 2309-90-10;5102.0;MASTERFOS 45 SC 25 KG - GADO CORTE;Não;2020-01-10 00:00:00
 2309-90-10;5102.0;SAL 25 KG;Não;2020-01-10 00:00:00
 2309-90-10;5102.0;RACAO FRANGO DO SITIO T. 20KG MASTER;Não;2020-01-14 00:00:00
 2309-90-10;5102.0;RAÇAO SPECIAL DOG CARNE 20 KG;Não;2020-01-15 00:00:00
 2309-90-10;5102.0;RAÇAO FAVORITO COM FRUTAS - 500 GR;Não;2020-01-15 00:00:00
 2309-90-10;5102.0;CAT CARNE - RAÇAO GRANEL;Não;2020-01-17 00:00:00
 2309-90-10;5102.0;PMA19 - CALOPSITA MIX 500 GR;Não;2020-01-18 00:00:00
 2309-90-10;5102.0;CAT PRIME CASTRADOS - RAÇAO GRANEL;Não;2020-01-18 00:00:00
 2309-90-10;5102.0;PEDIGREE EQN RAÇAS PEQUENAS - RAÇAO GRANEL;Não;2020-01-18 00:00:00
 2309-90-10;5102.0;RAÇAO FRANGO DO SITIO MASTER TRIT 20 KG;Não;2020-01-27 00:00:00
 2309-90-10;5102.0;JUNIOR RAÇAS PEQ. - RAÇAO GRANEL;Não;2020-01-27 00:00:00
 2309-90-90;5102.0;BIOTRIN VET  COMP. VITAMINICO  20ml   VETBRAS;Não;2020-01-02 00:00:00
 2309-90-90;5102.0;VITA GOLD POTENCIADO 50ml   FABIANI;Não;2020-01-08 00:00:00
 2522-20-00;5405.0;CAL HIDRATADA P/ MASSA  CH III  SC 20KG;Não;2020-01-04 00:00:00
 2523-29-90;5102.0;CIMENTO CP III RS 40 CSN;Não;2020-01-02 00:00:00
 2710-12-30;5405.0;AGUARRAS (EUCATEX RAZ)  900ml   EUCATEX;Não;2020-01-24 00:00:00
 2710-19-19;5405.0;QUEROSENE  900ml;Não;2020-01-11 00:00:00
 2710-19-31;5102.0;DIMEC - OLEO MULTIUSO 100ml;Não;2020-01-06 00:00:00
 2821-10-11;5405.0;XADREZ PIGMENTO PO VERMELHO  250g   LANXESS;Não;2020-01-08 00:00:00
 2828-90-11;5102.0;CLORO LIQUIDO (HIPOCLORITO DE SODIO);Não;2020-01-30 00:00:00
 3001-90-21;5102.0;UNGUENTO  50g   FAGRA;Não;2020-01-21 00:00:00
 3002-12-16;5102.0;SORO ANTITETANICO 5000UI  5ml   LEMA;Sim;2020-01-07 00:00:00
 3002-90-91;5405.0;SHAMPOO SANOL ANTIPULGAS  500ml;Não;2020-01-03 00:00:00
 3004-10-15;5102.0;AGROSIL PPU INJETAVEL  50ml   VANSIL;Sim;2020-01-07 00:00:00
 3004-10-15;5102.0;AGROSIL 5 MEGA   VANSIL;Sim;2020-01-18 00:00:00
 3004-20-61;5102.0;MASTIZONE VACA LACTAÇAO  10g   UCB;Sim;2020-01-24 00:00:00
 3004-20-99;5102.0;FORTBIOTICO PLUS SUPERFORTE UCB;Sim;2020-01-02 00:00:00
 3004-20-99;5102.0;TERRAMICINA  AG 77 PO SOLUVEL 100 GRS;Sim;2020-01-04 00:00:00
 3004-20-99;5102.0;CANTO LINDO ANTIBIOTICO 20 ml;Sim;2020-01-16 00:00:00
 3004-20-99;5102.0;TERRAMICINA LA INJETAVEL 50 ML;Sim;2020-01-22 00:00:00
 3004-39-39;5102.0;ANTICION AMPOLA 1ML DOSE UN;Sim;2020-01-03 00:00:00
 3004-39-39;5405.0;ANTICION C/ SERINGA;Sim;2020-01-16 00:00:00
 3004-49-90;5102.0;THUYA AVICOLA SIMOES ORAL 20 ML;Sim;2020-01-06 00:00:00
 3004-49-90;5102.0;THUYA AVICOLA SIMOES ORAL 90 ML;Sim;2020-01-22 00:00:00
 3004-50-90;5102.0;ROBOFORTE 100 ml;Sim;2020-01-02 00:00:00
 3004-50-90;5102.0;MERCEPTON ANTITOXICO INJETAVEL 100 ML;Sim;2020-01-11 00:00:00
 3004-90-24;5102.0;CALMINEX POMADA 100 GRS;Sim;2020-01-23 00:00:00
 3004-90-24;5102.0;NGF-5  100g   MARCOLAB;Sim;2020-01-27 00:00:00
 3004-90-43;5102.0;ANESTEX INJETAVEL FAGRA  50ml;Sim;2020-01-13 00:00:00
 3004-90-46;5102.0;ACIENDEL PLUS POUR-ON 1000 ML;Não;2020-01-18 00:00:00
 3004-90-59;5102.0;IVOMEC INJETAVEL 050 ML;Sim;2020-01-02 00:00:00
 3004-90-59;5102.0;IVOMEC GOLD INJETAVEL 050 ML;Sim;2020-01-16 00:00:00
 3004-90-59;5102.0;PHENODRAL INJETAVEL 15 ML;Sim;2020-01-22 00:00:00
 3004-90-59;5102.0;DECTOMAX INJETAVEL A 1% 050 ML;Sim;2020-01-25 00:00:00
 3004-90-62;5102.0;HIPOFEN PASTA ORAL P/EQUINOS 20 GR;Sim;2020-01-22 00:00:00
 3004-90-63;5102.0;VERMIVET PLUS 660 MG P/CAES 4 COMPRIMIDO;Sim;2020-01-17 00:00:00
 3004-90-63;5102.0;VERMIVET COMPOSTO 4 COMP;Sim;2020-01-18 00:00:00
 3004-90-67;5102.0;CHEMITRIL INJETAVEL 10% 10ml;Sim;2020-01-21 00:00:00
 3004-90-69;5102.0;FLUNAMINE INJ 50 ML;Sim;2020-01-02 00:00:00
 3004-90-96;5102.0;FERRODEX 50 ML;Sim;2020-01-04 00:00:00
 3004-90-99;5102.0;PENTABIOTICO VETERINARIO 2.400.000;Sim;2020-01-07 00:00:00
 3004-90-99;5102.0;EQUIPALAZONE INJETAVEL  100 ML;Sim;2020-01-20 00:00:00
 3004-90-99;5102.0;FORMOPED 400 ML;Sim;2020-01-20 00:00:00
 3204-14-00;5102.0;TINGECOR CORANTE GUARANY PRETO;Não;2020-01-10 00:00:00
 3204-17-00;5405.0;XADREZ CORANTE LIQUIDO 50ml VERDE;Não;2020-01-14 00:00:00
 3204-17-00;5405.0;XADREZ CORANTE LIQUIDO 50ml AMARELO;Não;2020-01-18 00:00:00
 3208-10-10;5102.0;ESMALTE SINTETICO HIDRACOR 1/32 VERMELHO;Não;2020-01-08 00:00:00
 3208-10-10;5102.0;TINTA ESMALTE SINT 1/16 225 ML PRETO UNIVERSO;Não;2020-01-08 00:00:00
 3208-10-10;5102.0;ESMALTE SINTETICO HIDRACOR 900 ML TABACO;Não;2020-01-20 00:00:00
 3208-10-20;5102.0;VERNIZ MARITIMO 3.6L EUCATEX BRILHANTE  - 900193.0;Não;2020-01-10 00:00:00
 3208-20-11;5102.0;TINTA SPRAY EUCATEX MULTIUSO PRETO FOSCO 400 ML;Não;2020-01-04 00:00:00
 3208-20-11;5102.0;TINTA SPRAY OPER BCO FOSCO 400ML;Não;2020-01-06 00:00:00
 3208-20-11;5102.0;TINTA SPRAY EUCATEX MULTIUSO VERMELHO 400 ML;Não;2020-01-09 00:00:00
 3208-20-11;5102.0;TINTA SPRAY EUCATEX MUILTIUSO ALUMINIO 400 ML;Não;2020-01-10 00:00:00
 3208-90-10;5102.0;TINTA ESM.SINT. VDE FOLHA 225 ML;Não;2020-01-08 00:00:00
 3214-10-10;5102.0;POLYEPOX PULVITEC 50 GR;Não;2020-01-03 00:00:00
 3214-10-10;5102.0;SILICONE ACETICO INCOLOR 240G UNIPEGA;Não;2020-01-06 00:00:00
 3214-10-10;5405.0;SILICONE INCOLOR  50g;Não;2020-01-17 00:00:00
 3214-10-20;5405.0;MASSA CORRIDA PVA 0,9 LTS   SUVINIL;Não;2020-01-13 00:00:00
 3214-90-00;5102.0;MASSA PLASTICA 400 G PRETA REAL;Não;2020-01-07 00:00:00
 3214-90-00;5405.0;MASSA PLASTICA 400gr BRANCA REAL;Não;2020-01-24 00:00:00
 3401-20-90;5405.0;SABONETE CAO FIEL  90g ANTIS. E BACTERIC.;Não;2020-01-22 00:00:00
 3402-20-00;5102.0;TUFF COCO LAVA ROUPAS FINAS DELICADAS 1 LT START;Não;2020-01-30 00:00:00
 3402-90-39;5102.0;LIMPADOR PERFUMADO AZULIM ALEGRIA 500 ML;Não;2020-01-30 00:00:00
 3402-90-39;5102.0;MULTIUSO AZULIM LIMAO 500 ML;Não;2020-01-30 00:00:00
 3402-90-39;5102.0;MULTIUSO AZULIM FLORATA 500 ML;Não;2020-01-30 00:00:00
 3402-90-39;5102.0;LIMPADOR PERFUMADO AZULIM - FELICIDADE 500 ml;Não;2020-01-30 00:00:00
 3402-90-39;5102.0;MULTIUSO AZULIM ORIGINAL USO DIARIO 550 ml;Não;2020-01-30 00:00:00
 3402-90-39;5102.0;LIMPADOR PERFUMADO AZULIM CARINHO 500ml START;Não;2020-01-30 00:00:00
 3405-20-00;5102.0;CERA  LIQUIDA  VERMELHA  POLYLAR 750ml;Não;2020-01-25 00:00:00
 3506-10-10;5102.0;ADESIVO 20GR ALMASUPER AEP401;Não;2020-01-30 00:00:00
 3506-10-90;5405.0;COLA PVC BISNAGA 75G AMAZONAS;Não;2020-01-02 00:00:00
 3506-10-90;5405.0;DUREPOXI 100g   ALBA;Não;2020-01-07 00:00:00
 3506-10-90;5405.0;ADESIVO CONT. CASCOLA TRADIC. S/TOLUOL 230 ml;Não;2020-01-07 00:00:00
 3506-10-90;5405.0;ARALDITE 23 G 90 MIN PROFISSIONAL;Não;2020-01-20 00:00:00
 3506-10-90;5102.0;COLA PVC BISNAGA 17;Não;2020-01-22 00:00:00
 3506-91-10;5102.0;COLA CONTATO KISAFIX 200 G C/TOLUENO;Não;2020-01-03 00:00:00
 3506-91-10;5102.0;ADESIVO P/ JUNTAS DE MOTOR WB-45 GAS/ALC/DIESEL;Não;2020-01-25 00:00:00
 3506-91-10;5102.0;VEDA CALHA ALUMINIO 280 GR;Não;2020-01-27 00:00:00
 3506-91-90;5102.0;RATOEIRA COLA RATO;Não;2020-01-08 00:00:00
 3808-91-19;5102.0;K-OTHRINE SC 25 30 ML;Não;2020-01-11 00:00:00
 3808-91-19;5405.0;NITROCID 50 GR   NITROSIN;Não;2020-01-15 00:00:00
 3808-91-92;5102.0;MAXIMO POUR-ON  1 LT   BIOVET;Não;2020-01-03 00:00:00
 3808-91-92;5405.0;CUPINICIDA LIQUIDO NITROSIN 1 LT;Não;2020-01-11 00:00:00
 3808-91-92;5102.0;ALATOX  050ml   FORT DODGE;Não;2020-01-22 00:00:00
 3808-91-92;5102.0;STRAIK MULTI INSETICIDA AEROSOL 400 ML;Não;2020-01-30 00:00:00
 3808-91-96;5102.0;MATA BICHEIRA FORT SV  500 ML   ZOETIS;Não;2020-01-02 00:00:00
 3808-91-96;5102.0;MATA BICHEIRA FORT SV 500 ML ZOETIS;Não;2020-01-10 00:00:00
 3808-91-99;5405.0;FORTEX FORMICIDA ISCA 500 GR;Não;2020-01-27 00:00:00
 3808-91-99;5102.0;PROPOXUR 1% 100 GR;Não;2020-01-30 00:00:00
 3808-91-99;5102.0;BUTOX P CE 25  20ml;Não;2020-01-30 00:00:00
 3808-93-24;5102.0;GLIFOSATO 1 LT;Não;2020-01-22 00:00:00
 3808-94-19;5102.0;CLORO ESTAB/DICLORO 3 X 1 GENCO;Não;2020-01-02 00:00:00
 3808-94-19;5102.0;DESINFETANTE AZULIM EUCALIPTO 2 lt;Não;2020-01-30 00:00:00
 3808-94-19;5102.0;DESINFETANTE AZULIM EUCALIPTO 1 LT;Não;2020-01-30 00:00:00
 3808-94-19;5102.0;DESINFETANTE VOREL PINHO 2 LTS START;Não;2020-01-30 00:00:00
 3808-94-29;5102.0;CREOLINA PEARSON 050 ML;Não;2020-01-03 00:00:00
 3808-94-29;5102.0;BENZOCREOL 500 ML;Não;2020-01-29 00:00:00
 3808-99-91;5102.0;TRIATOX CAES 40 ML;Não;2020-01-10 00:00:00
 3808-99-96;5102.0;RATICIDA MAKI 25 G;Não;2020-01-17 00:00:00
 3808-99-96;5102.0;RATICIDA MAKI SOFT BAIT 20 X 10GR;Não;2020-01-20 00:00:00
 3808-99-99;5102.0;ORGANNACT PRATA 500 ML;Não;2020-01-02 00:00:00
 3808-99-99;5102.0;NEGUVON + ASUNTOL PLUS  100 GR;Não;2020-01-02 00:00:00
 3808-99-99;5102.0;COURO LIMPO PRATA 500 ML;Não;2020-01-06 00:00:00
 3808-99-99;5102.0;NEGUVON 20 GR;Não;2020-01-13 00:00:00
 3808-99-99;5102.0;TANIDIL 200 GR;Não;2020-01-23 00:00:00
 3809-91-90;5102.0;TUFF PLUS AMACIANTE 500 ML;Não;2020-01-30 00:00:00
 3814-00-90;5405.0;THINNER EUCATEX 9116 900 ML;Não;2020-01-07 00:00:00
 3819-00-00;5102.0;FLUIDO FREIO DOT 4 500ML;Não;2020-01-20 00:00:00
 3819-00-00;5102.0;FLUIDO FREIO DOT 3 500ML;Não;2020-01-23 00:00:00
 3824-99-41;5405.0;DESENGRIPANTE SPRAY LUB PRO 300ml;Não;2020-01-18 00:00:00
 3909-50-29;5102.0;BLOCO DE ESPUMA 18X12CM CAST  - 054;Não;2020-01-20 00:00:00
 3910-00-21;5405.0;BORRACHA PANELA PRESSAO MULTIUSO 4,5 LTS  LNV;Não;2020-01-15 00:00:00
 3910-00-90;5102.0;SILICONE LIQ. TRADICIONAL EVO BRILHO WB62 100 ML;Não;2020-01-07 00:00:00
 3917-21-00;5102.0;MANGUEIRA PRETA 1 X 2,5mm POLITUBOS;Não;2020-01-06 00:00:00
 3917-21-00;5102.0;MANGUEIRA PRETA 3/4 X 2,0mm POLITUBOS;Não;2020-01-06 00:00:00
 3917-21-00;5405.0;CONDUITE CORRUGADO CINZA 5/8  METRO;Não;2020-01-30 00:00:00
 3917-23-00;5405.0;TUBO SOLDAVEL 25mm X 6m PLASTILIT/PLASTUBOS;Não;2020-01-04 00:00:00
 3917-23-00;5102.0;TUBO SOLDAVEL 20mm X 6m KRONA;Não;2020-01-14 00:00:00
 3917-32-90;5405.0;LONA PRETA 04 MTS LARGURA;Não;2020-01-10 00:00:00
 3917-33-00;5405.0;MANGUEIRA PRETA 3/4   PESADA;Não;2020-01-09 00:00:00
 3917-39-00;5405.0;MANGUEIRA CRISTAL 5/16 x 1,5    AFA;Não;2020-01-21 00:00:00
 3917-40-90;5102.0;TE 90 SOLD 25mm (3/4 ) TODOS;Não;2020-01-02 00:00:00
 3917-40-90;5405.0;LUVA SOLD 25mm (3/4 );Não;2020-01-02 00:00:00
 3917-40-90;5102.0;LUVA SOLD 32mm (1 );Não;2020-01-02 00:00:00
 3917-40-90;5405.0;LUVA LR SOLD ROSCA 20mm X 1/2   TODOS;Não;2020-01-02 00:00:00
 3917-40-90;5405.0;TE 90 SOLD 25mm (3/4 )   TODOS;Não;2020-01-02 00:00:00
 3917-40-90;5405.0;SIFAO UNIVERSAL FLEXIVEL  EXT 40/50 HERC REF 2603;Não;2020-01-02 00:00:00
 3917-40-90;5405.0;JOELHO 90 SOLD 25 mm;Não;2020-01-04 00:00:00
 3917-40-90;5102.0;VALVULA LAVATORIO N.08 S/LADRAO BCA  812   KRONA;Não;2020-01-04 00:00:00
 3917-40-90;5102.0;UNIAO INTERNA PTA MANGUEIRA 3/4;Não;2020-01-06 00:00:00
 3917-40-90;5102.0;UNIAO INTERNA PE 1;Não;2020-01-06 00:00:00
 3917-40-90;5102.0;REDUÇAO UNIAO INTERNA PTA MANGUEIRA 3/4 x1/2;Não;2020-01-06 00:00:00
 3917-40-90;5102.0;REDUÇAO UNIAO INTERNA PTA MANGUEIRA 1 x3/4;Não;2020-01-06 00:00:00
 3917-40-90;5102.0;ADAPTADOR INTERNO R. EXTERNA MANG. PTA 1 DURIN;Não;2020-01-06 00:00:00
 3917-40-90;5102.0;ADAPTADOR CXA D AGUA LR 32mm X 1;Não;2020-01-06 00:00:00
 3917-40-90;5405.0;ENGATE FLEXIVEL 40cm;Não;2020-01-06 00:00:00
 3917-40-90;5405.0;LUVA SOLD 50mm (2 );Não;2020-01-13 00:00:00
 3917-40-90;5405.0;TE 90 SOLD 50mm (2 )   KRONA;Não;2020-01-13 00:00:00
 3917-40-90;5405.0;JOELHO 90 SOLD 50mm (2 );Não;2020-01-13 00:00:00
 3917-40-90;5102.0;BUCHA REDUCAO LONGA SOLD 50 X 32mm;Não;2020-01-14 00:00:00
 3917-40-90;5405.0;CAPS ESGOTO 100mm;Não;2020-01-17 00:00:00
 3917-40-90;5405.0;CAPS ESGOTO 075mm  AMANCO;Não;2020-01-17 00:00:00
 3917-40-90;5405.0;BRAÇO CHUVEIRO PVC  35 CM KRONA;Não;2020-01-17 00:00:00
 3917-40-90;5405.0;CAPS ESGOTO 050mm;Não;2020-01-17 00:00:00
 3917-40-90;5405.0;LUVA ESGOTO 100 MM   TODOS;Não;2020-01-21 00:00:00
 3917-40-90;5405.0;LUVA ESGOTO 40 MM;Não;2020-01-21 00:00:00
 3917-40-90;5405.0;JOELHO 90 SOLD 20mm (1/2 );Não;2020-01-22 00:00:00
 3917-40-90;5102.0;LUVA CORRER 25 mm;Não;2020-01-22 00:00:00
 3917-40-90;5102.0;LUVA CORRER 20mm (1/2 );Não;2020-01-24 00:00:00
 3917-40-90;5405.0;JOELHO INTERNO PTO DUPLO MANGUEIRA 1/2;Não;2020-01-27 00:00:00
 3917-40-90;5405.0;TE 90 BUCHA LATAO 20mm X 1/2;Não;2020-01-29 00:00:00
 3917-40-90;5405.0;JOELHO 90 BUCHA LATAO 20mm X 1/2    KRONA;Não;2020-01-29 00:00:00
 3917-40-90;5102.0;LUVA SOLD 020MM MRM KRONA  -  REF 435;Não;2020-01-31 00:00:00
 3919-10-00;5405.0;FITA ISOLANTE 19mm x 20m ANTICHAMAS   FOXLUX;Não;2020-01-18 00:00:00
 3919-10-20;5102.0;FITA ISOLANTE 19mm x 20m ANTICHAMAS FOXLUX;Não;2020-01-14 00:00:00
 3919-10-90;5102.0;FITA ISOLANTE 19X5M ANTI CHAMA;Não;2020-01-18 00:00:00
 3919-10-90;5102.0;FITA ISOLANTE 19X10MTS ANTI CHAMA;Não;2020-01-24 00:00:00
 3920-20-19;5102.0;LONA PRETA 08 MTS LARGURA LONAX;Não;2020-01-30 00:00:00
 3920-99-90;5405.0;FITA VEDA ROSCA 12mm x 10m;Não;2020-01-15 00:00:00
 3920-99-90;5102.0;FITA VEDA ROSCA 18mm x 25m   TECNOTAPE;Não;2020-01-27 00:00:00
 3922-20-00;5405.0;ASSENTO SANITARIO BRANCO   KRONA;Não;2020-01-16 00:00:00
 3923-21-10;5102.0;BOBINA PICOTADA 40 X 60 (10kl) HIPER-ROLL;Não;2020-01-30 00:00:00
 3923-30-00;5405.0;GARRAFAO TERMICO 5LTS  AZUL   ALADDIN;Não;2020-01-07 00:00:00
 3924-10-00;5405.0;FUNIL PLASTICO;Não;2020-01-15 00:00:00
 3924-90-00;5102.0;BACIA PLASTICA GRANDE 15 LT;Não;2020-01-10 00:00:00
 3925-90-90;5405.0;CAIXA MASSA ALVENARIA PTA PLASTICA;Não;2020-01-09 00:00:00
 3925-90-90;5405.0;BUCHA FIXAÇAO S/06;Não;2020-01-13 00:00:00
 3925-90-90;5405.0;BUCHA FIXAÇAO S/08;Não;2020-01-23 00:00:00
 3925-90-90;5405.0;BUCHA FIXAÇAO S/10;Não;2020-01-25 00:00:00
 3925-90-90;5405.0;ESPAÇADORES REVESTIMENTO 05mm;Não;2020-01-27 00:00:00
 3925-90-90;5102.0;CAIXA LUZ 4 X 2;Não;2020-01-27 00:00:00
 3926-90-90;5102.0;MAMADEIRA P/DESMAME BEZERRO 2 LTS SGAMAQ;Não;2020-01-02 00:00:00
 3926-90-90;5405.0;DESEMPENADEIRA PLAST AZL 18X30;Não;2020-01-09 00:00:00
 3926-90-90;5405.0;BANDEJA PINTURA 29X35 PTA;Não;2020-01-10 00:00:00
 3926-90-90;5102.0;FLOREIRA PRETA C/BASE FC-40;Não;2020-01-11 00:00:00
 3926-90-90;5102.0;PROTETOR AUDITIVO DE COPOLIMERO 3M;Não;2020-01-14 00:00:00
 3926-90-90;5102.0;BEBEDOURO PLASTICO C/ROSCA 4,8 LTS;Não;2020-01-14 00:00:00
 3926-90-90;5102.0;ABRAÇADEIRA NYLON 3,6 x 150mm;Não;2020-01-15 00:00:00
 3926-90-90;5102.0;BANDEJA CAÇAMBA CONDOR REF 999;Não;2020-01-17 00:00:00
 3926-90-90;5405.0;COMEDOURO 01 FURO CRIST. C/GANCHO  ALVORADA;Não;2020-01-18 00:00:00
 3926-90-90;5405.0;BEBEDOURO PASSARO MEDIO 110 ml  ALVORADA;Não;2020-01-18 00:00:00
 3926-90-90;5405.0;BANHEIRA PASSARO GRANDE CRISTAL  ALVORADA;Não;2020-01-27 00:00:00
 3926-90-90;5102.0;ABRAÇADEIRA NYLON 3.5 X 280 mm BCA;Não;2020-01-28 00:00:00
 4008-21-00;5405.0;ESTOJO VIPAL EV-01;Não;2020-01-31 00:00:00
 4009-11-00;5102.0;MANGUEIRA COMB. LONADA 5/16X2,0;Não;2020-01-16 00:00:00
 4010-39-00;5102.0;CORREIA V B-75;Não;2020-01-09 00:00:00
 4011-50-00;5102.0;PNEU 20X1.75 K50, PTO;Sim;2020-01-09 00:00:00
 4011-50-00;5405.0;PNEU BICICLETA 24x1,75 SLICK;Sim;2020-01-21 00:00:00
 4013-20-00;5405.0;CAMARA AR BICICLETA  26X1.9/2.125 BALAO KENDA;Sim;2020-01-03 00:00:00
 4013-20-00;5102.0;CAMARA PR-29 VALVULA PRESTA 48 MM;Sim;2020-01-06 00:00:00
 4013-20-00;5102.0;CAMARA AR BICICLETA  24 X 1.75   KENDA;Sim;2020-01-08 00:00:00
 4013-20-00;5405.0;CAMARA AR BICICLETA  20X1.75   KENDA;Sim;2020-01-09 00:00:00
 4013-90-00;5102.0;CAMARA AR CARRINHO MAO 3,25 X 8´´;Sim;2020-01-18 00:00:00
 4016-93-00;5405.0;BUCHA VEDANTE 1/2  PLASTICA  (CARRAPETA);Não;2020-01-20 00:00:00
 4201-00-10;5405.0;COLEIRA COURO FORRADA N.05;Não;2020-01-15 00:00:00
 4201-00-10;5102.0;COLEIRA COURO FORRADA N. 9;Não;2020-01-15 00:00:00
 4201-00-10;5405.0;COLEIRA COURO FORRADA N.03;Não;2020-01-18 00:00:00
 4201-00-10;5405.0;COLEIRA COURO FORRADA N.07;Não;2020-01-18 00:00:00
 4201-00-10;5405.0;COLEIRA COURO FORRADA N.01;Não;2020-01-24 00:00:00
 4203-30-00;5102.0;CINTO 10641;Não;2020-01-17 00:00:00
 4421-90-00;5405.0;GAIOLA CRIADEIRA P/PASSAROS;Não;2020-01-21 00:00:00
 4811-41-10;5405.0;FITA CREPE 18mmX50m   NORTON;Não;2020-01-07 00:00:00
 5603-94-20;5102.0;PLASTICO MESA ALKO TERMICO FORMIGUINHAS 1,4M;Não;2020-01-04 00:00:00
 5603-94-20;5102.0;PLASTICO TERMICO CHARLOTTE AZL 1,40 M LARG;Não;2020-01-13 00:00:00
 5607-49-00;5405.0;REDEA SEDA VERMELHA/PRETA;Não;2020-01-23 00:00:00
 5607-49-00;5405.0;CORDA 04mm TRANÇADA POLIESTER   POLIBEL;Não;2020-01-31 00:00:00
 5607-50-90;5405.0;CORDA 06mm;Não;2020-01-17 00:00:00
 5607-59-00;5102.0;CORDA 12mm TRANÇADA SEDA RIOMAR;Não;2020-01-14 00:00:00
 6101-30-00;5405.0;CAPA CHUVA CAVALEIRO;Não;2020-01-20 00:00:00
 6307-10-00;5405.0;SACO PANO ALVEJADO;Não;2020-01-22 00:00:00
 6401-92-00;5405.0;BOTA PEGA FORTE C MD N.41 PTO/AM  GRANDENE;Não;2020-01-06 00:00:00
 6401-92-00;5102.0;BOTA BASPAN PVC PRETA C.MEDIO S/FORRO N.43;Não;2020-01-09 00:00:00
 6401-92-00;5405.0;BOTA PEGA FORTE C MD N.43/44 PTO/AM  GRANDENE;Não;2020-01-20 00:00:00
 6402-91-90;5405.0;BOTA PEGA FORTE C MD N.45/46 PTO/AM SF  GRANDENE;Não;2020-01-02 00:00:00
 6402-91-90;5102.0;BOTA PEGA FORTE C MD N.43 PTO/AM GRANDENE;Não;2020-01-14 00:00:00
 6402-91-90;5102.0;BOTA PEGA FORTE C MD N.44 PTO/AM GRANDENE;Não;2020-01-20 00:00:00
 6405-10-10;5102.0;BOTA SERVICO MOD.503 DALLAS LATEGO;Não;2020-01-27 00:00:00
 6804-21-19;5102.0;DISCO DIAMANTADO TURBO;Não;2020-01-14 00:00:00
 6804-21-19;5102.0;DISCO DIAMANTADO TURBO  110mmX20mm  THOMPSON;Não;2020-01-14 00:00:00
 6804-21-19;5405.0;DISCO CORTE DIAMANTADO CONTINUO NORTON CLASSIC;Não;2020-01-24 00:00:00
 6804-22-11;5102.0;DISCO DESBASTE 4.1/2X3/16X7/8 ICDER;Não;2020-01-02 00:00:00
 6804-22-11;5405.0;DISCO DESBASTE 4.1/2X3/16X7/8   ICDER;Não;2020-01-06 00:00:00
 6804-22-11;5102.0;DISCO CORTE STANLEY INOX 7´´ x 1,16 x 7/8;Não;2020-01-08 00:00:00
 6804-22-11;5102.0;DISCO CORTE STANLEY 4.1/2X1/25X7/8;Não;2020-01-08 00:00:00
 6804-22-11;5102.0;PONTA MONTADA A-12 GRAO OXIDO DE ALUINIO R;Não;2020-01-17 00:00:00
 6804-22-11;5405.0;DISCO CORTE 04 1/2X1/8 X20 ICDER;Não;2020-01-21 00:00:00
 6804-22-11;5102.0;DISCO LIXA FERRO  4.1/2´´  036   FORT;Não;2020-01-25 00:00:00
 6804-22-19;5102.0;REBOLO 6 X3/4 X1 1/4 LCW GROSSO CARBURUNDUN;Não;2020-01-09 00:00:00
 6804-22-19;5102.0;DISCO FLAP  7´´  G60;Não;2020-01-28 00:00:00
 6804-30-00;5405.0;PEDRA AFIAR CANOA 198   CARBURUNDUM;Não;2020-01-16 00:00:00
 6805-10-00;5405.0;LIXA FERRO 50;Não;2020-01-10 00:00:00
 6805-10-00;5405.0;LIXA FERRO 60;Não;2020-01-10 00:00:00
 6805-10-00;5405.0;LIXA FERRO 100;Não;2020-01-13 00:00:00
 6805-10-00;5405.0;LIXA D AGUA 400 LA2L;Não;2020-01-16 00:00:00
 6805-20-00;5405.0;LIXA D AGUA P180;Não;2020-01-07 00:00:00
 6805-20-00;5405.0;LIXA D AGUA P120;Não;2020-01-07 00:00:00
 6805-20-00;5405.0;LIXA D AGUA  A100 76D  CARBORUNDUM;Não;2020-01-07 00:00:00
 6805-20-00;5405.0;LIXA MADEIRA 080 75C   NORTON;Não;2020-01-16 00:00:00
 6805-20-00;5405.0;LIXA D AGUA 320;Não;2020-01-16 00:00:00
 6805-30-20;5102.0;DISCO LIXA FERRO 4 1/2 - GR 100;Não;2020-01-25 00:00:00
 6805-30-20;5102.0;DISCO LIXA FERRO  7´´  G060  CARBURUNDUM;Não;2020-01-25 00:00:00
 6805-30-20;5102.0;DISCO LIXA FERRO  4.1/2´´  G120   CARBURUNDUM;Não;2020-01-25 00:00:00
 6805-30-90;5102.0;ESPONJA DUPLA FACE AZULIM VERDE/AMARELA;Não;2020-01-30 00:00:00
 6912-00-00;5405.0;VELA FILTRO CARVAO ATIVADO;Não;2020-01-22 00:00:00
 7217-20-90;5405.0;ARAME GALVANIZADO 2,76mm BWG 12  BELGO/GERDAU;Não;2020-01-06 00:00:00
 7217-20-90;5102.0;ARAME RECOZIDO 1,24mm BWG18 1KL;Não;2020-01-30 00:00:00
 7217-30-90;5405.0;ARAME SOLDA COBREADO 2,38mm   GERDAU;Não;2020-01-04 00:00:00
 7217-30-90;5405.0;ARAME SOLDA COBREADO 1,59mm   GERDAU;Não;2020-01-04 00:00:00
 7308-90-90;5405.0;HASTE TELHA GALVANIZADA 1/4 X 350mm;Não;2020-01-09 00:00:00
 7314-41-00;5405.0;TELA VIVEIRO 1,00m FIO 24 GALVANIZADA;Não;2020-01-02 00:00:00
 7314-41-00;5405.0;TELA GALINHEIRO 1,80m FIO 22    GALVANIZADA;Não;2020-01-17 00:00:00
 7315-11-00;5405.0;CORRENTE 1/2  X 3/32  116 ELOS  BICYCLE CHAIN;Não;2020-01-21 00:00:00
 7315-12-10;5405.0;CORRENTE 1/2  X 1/8  114 ELOS  BICYCLE CHAIN;Não;2020-01-20 00:00:00
 7315-12-90;5405.0;CORRENTE CAO ZINC 1,50 MT  N.1;Não;2020-01-18 00:00:00
 7315-89-00;5405.0;CORRENTE CAO ZINC 1,50 MT  N.2;Não;2020-01-06 00:00:00
 7315-89-00;5405.0;CORRENTE CAO ZINC 1,50 MT  N.7   SAO RAPHAEL;Não;2020-01-18 00:00:00
 7315-89-00;5405.0;CORRENTE CAO ZINC 1,50 MT  N.3;Não;2020-01-24 00:00:00
 7317-00-20;5405.0;GRAMPO CERCA POLIDO 01 x 09  1 KG   BELGO;Não;2020-01-09 00:00:00
 7317-00-20;5405.0;GRAMPO CERCA POLIDO 01 X 09  1 KG   GERDAU;Não;2020-01-11 00:00:00
 7317-00-90;5405.0;PREGO 22 X 48 1 KG   GERDAU;Não;2020-01-02 00:00:00
 7317-00-90;5405.0;PREGO 25 X 72 1 KG   GERDAU;Não;2020-01-02 00:00:00
 7317-00-90;5102.0;PREGO 20 X 42;Não;2020-01-06 00:00:00
 7317-00-90;5405.0;PREGO 18 X 30 1 KG;Não;2020-01-11 00:00:00
 7317-00-90;5102.0;PREGO 17 X 21 1 KG GERDAU;Não;2020-01-14 00:00:00
 7317-00-90;5102.0;PREGO 16 X 24 1 KG BELGO;Não;2020-01-14 00:00:00
 7317-00-90;5102.0;PREGO 20 X 48 GERDAU;Não;2020-01-14 00:00:00
 7317-00-90;5102.0;CRAVO COBRA E-2;Não;2020-01-15 00:00:00
 7317-00-90;5405.0;PREGO 20 X 30 1 KG   BELGO;Não;2020-01-21 00:00:00
 7317-00-90;5405.0;PREGO TELHEIRO GALV. 18 X 30  500g;Não;2020-01-24 00:00:00
 7317-00-90;5405.0;CRAVO E-5  UNIDADE   COBRA;Não;2020-01-28 00:00:00
 7317-00-90;5102.0;PREGO 27 X 30 - UNIDADE;Não;2020-01-29 00:00:00
 7318-12-00;5405.0;PARAFUSO MADEIRA CABEÇA CHATA 3,5 X 30;Não;2020-01-13 00:00:00
 7318-12-00;5405.0;PARAFUSO SEXTAVADO ROSCA SOBERBA 1/4 X 50;Não;2020-01-25 00:00:00
 7318-12-00;5405.0;PARAFUSO MADEIRA CABEÇA CHATA 4,5 X 40;Não;2020-01-28 00:00:00
 7318-12-00;5405.0;PARAFUSO MADEIRA CABEÇA CHATA 4,2 X 25;Não;2020-01-28 00:00:00
 7318-12-00;5405.0;PARAFUSO SEXTAVADO ROSCA SOBERBA 5/16 X 60;Não;2020-01-30 00:00:00
 7318-12-00;5405.0;PARAFUSO MADEIRA CABEÇA CHATA 5,5 X 90;Não;2020-01-31 00:00:00
 7318-12-00;5405.0;PARAFUSO TELHA 5/16 X 110;Não;2020-01-31 00:00:00
 7318-13-00;5405.0;GANCHO ZINCADO BUCHA C/BUCHA 08;Não;2020-01-13 00:00:00
 7318-15-00;5405.0;PARAFUSO SEXT. MA 620 C RI 8.8 - 08 X 16;Não;2020-01-03 00:00:00
 7318-15-00;5405.0;PARAFUSO FRANCES 5/16 X 3.1/2;Não;2020-01-18 00:00:00
 7318-15-00;5102.0;PARAFUSO AUTO ATARR. 6,3 x 50;Não;2020-01-18 00:00:00
 7318-15-00;5405.0;CHUMBADOR 5/16 X 3.1/4;Não;2020-01-21 00:00:00
 7318-15-00;5405.0;PARAFUSO FRANCES 5/16 X 2.1/2;Não;2020-01-28 00:00:00
 7318-15-00;5405.0;PARAFUSO SEXTAVADO ROSCA INTERNA 3/8 X 1;Não;2020-01-28 00:00:00
 7318-15-00;5405.0;PARAFUSO CABEÇA REDONDA MAQ 3/16 X 1;Não;2020-01-29 00:00:00
 7318-15-00;5405.0;PARAFUSO FRANCES 1/4 X 5;Não;2020-01-31 00:00:00
 7318-16-00;5405.0;PORCA SEXTAVADA POL/GALV. 1/2  (F13);Não;2020-01-18 00:00:00
 7318-16-00;5405.0;PORCA SEXTAVADA POL/GALV. 1/4    CISER;Não;2020-01-23 00:00:00
 7318-16-00;5405.0;PORCA SEXTAVADA POL/GALV. 3/8;Não;2020-01-28 00:00:00
 7318-19-00;5405.0;BARRA ROSCADA ZINCADA  1/2  x 1,00m;Não;2020-01-18 00:00:00
 7318-19-00;5405.0;BARRA ROSCADA ZINCADA  1/4  x 1,00m;Não;2020-01-23 00:00:00
 7318-19-00;5405.0;BARRA ROSCADA ZINCADA  3/8  x 1,00m;Não;2020-01-29 00:00:00
 7318-21-00;5405.0;ARRUELA LISA ZINCADA 3/16;Não;2020-01-27 00:00:00
 7318-21-00;5405.0;ARRUELA PRESSAO 3/8;Não;2020-01-28 00:00:00
 7318-21-00;5405.0;ARRUELA LISA 3/8;Não;2020-01-29 00:00:00
 7318-22-00;5102.0;ARRUELA LISA GALVAN 3/4;Não;2020-01-14 00:00:00
 7318-22-00;5405.0;ARRUELA LISA ZINCADA 1/4;Não;2020-01-23 00:00:00
 7318-29-00;5405.0;ABRAÇADEIRA P/ANTENA;Não;2020-01-21 00:00:00
 7323-10-00;5102.0;LA ACO C/8 UND 44g AZULIM;Não;2020-01-30 00:00:00
 7326-20-00;5405.0;RATOEIRA FERRO ZINCADO  PEQUENA;Não;2020-01-03 00:00:00
 7326-90-90;5102.0;FERRADURA 3NG JK PLUS;Não;2020-01-02 00:00:00
 7326-90-90;5405.0;ABRAÇADEIRA RSF 5/8 X 3/4  (16 x 19mm)  INCA;Não;2020-01-06 00:00:00
 7326-90-90;5102.0;HASTE TERRA COBREADA 1/2 X 2.4 M;Não;2020-01-09 00:00:00
 7326-90-90;5405.0;ABRAÇADEIRA RSF 1/2 X 3/4  (13 x 19mm)   INCA;Não;2020-01-15 00:00:00
 7326-90-90;5405.0;ESCADA METAL 5 DEGRAUS MASTER   MAESTRO;Não;2020-01-16 00:00:00
 7326-90-90;5405.0;ABRAÇADEIRA RSF 1.1/4 x 1.3/4 (32 x 44mm)INCA;Não;2020-01-21 00:00:00
 7326-90-90;5102.0;FERRADURA AB S/ROMPAO JR PLUS NG 2;Não;2020-01-28 00:00:00
 7326-90-90;5405.0;ABRAÇADEIRA RSF 1.1/2 X 2  (38 x 51mm)   INCA;Não;2020-01-31 00:00:00
 7326-90-90;5405.0;ABRAÇADEIRA RSF 3/4 X 1  (19 X 25mm)  INCA;Não;2020-01-31 00:00:00
 7615-20-00;5102.0;PAPELEIRA ABS CROMADA ASTRA;Não;2020-01-17 00:00:00
 7801-10-90;5405.0;CHUMBADA PESCA N.01;Não;2020-01-03 00:00:00
 7907-00-90;5405.0;BICO TORNEIRA METAL 1/2 x 1/2;Não;2020-01-30 00:00:00
 8007-00-90;5102.0;SOLDA ESTANHO EM TUBO 25 GR;Não;2020-01-11 00:00:00
 8201-30-00;5102.0;ENXADA RODO CURRAL LM S/CABO;Não;2020-01-02 00:00:00
 8201-30-00;5102.0;FOICE MOLA BAT. MAR DE ESPANHA FORJ. M.B.;Não;2020-01-06 00:00:00
 8201-30-00;5405.0;ENXADA ESTREITA/LARGA S/CABO   FORJARIA M.B.;Não;2020-01-13 00:00:00
 8201-30-00;5405.0;FOICE MOLA BAT. MAR DE ESPANHA  FORJ. M.B.;Não;2020-01-31 00:00:00
 8201-90-00;5405.0;FORCADO  4 DT RETO S/CABO TRAMONTINA;Não;2020-01-22 00:00:00
 8202-39-00;5102.0;DISCO SERRA CIRCULAR 4 POL 24 DENTE THOMPSON;Não;2020-01-03 00:00:00
 8202-91-00;5405.0;SERRA STARRET BI-METAL BS1218 12  18T;Não;2020-01-06 00:00:00
 8202-91-00;5102.0;SERRA STARRET BI-METAL BS1218 12 18T;Não;2020-01-14 00:00:00
 8202-99-90;5405.0;SERRA TICO-TICO STARRET BU36 6T UNIDADE;Não;2020-01-25 00:00:00
 8202-99-90;5405.0;SERRA TICO-TICO STARRET BU214S  UNIDADE;Não;2020-01-25 00:00:00
 8203-10-10;5405.0;LIMA ENXADA 8  08992   K F;Não;2020-01-02 00:00:00
 8203-10-10;5102.0;LIMA MOTOSSERA NICH 8X5/32;Não;2020-01-02 00:00:00
 8203-10-10;5405.0;LIMA KF MOTO SERRA 8  X 3/16    K F;Não;2020-01-03 00:00:00
 8203-10-10;5405.0;LIMA KF TRIANGULAR DELGADA 4  14120KF  K F;Não;2020-01-11 00:00:00
 8203-20-10;5102.0;ALICATE UNIVERSAL 8 MASTER TRAM. 41001/108;Não;2020-01-14 00:00:00
 8203-20-90;5102.0;TORQUES ARMADOR 12 SAO ROMAO;Não;2020-01-14 00:00:00
 8203-20-90;5405.0;TORQUES ARMADOR 12    SAO ROMAO;Não;2020-01-18 00:00:00
 8204-11-00;5102.0;CHAVE COMBINADA STANLEY 12 MM;Não;2020-01-23 00:00:00
 8204-11-00;5102.0;CHAVE COMBINADA STANLEY 10 MM;Não;2020-01-23 00:00:00
 8205-59-00;5405.0;COLHER PEDREIRO 08;Não;2020-01-15 00:00:00
 8205-59-00;5102.0;ALICATE REBITADOR  R100  4 PONTAS   IRWIN;Não;2020-01-17 00:00:00
 8205-59-00;5102.0;COLHER PEDREIRO 09  REDONDO    TRAMONTINA;Não;2020-01-18 00:00:00
 8205-59-00;5405.0;COLHER PEDREIRO 10 MOMFORT;Não;2020-01-27 00:00:00
 8205-70-00;5405.0;TORNO MORSA BANCADA TIPO MINI 2.3/4   VONDER;Não;2020-01-13 00:00:00
 8207-50-11;5405.0;BROCA AÇO RAPIDO FERRO  3,50mm   IRWIN;Não;2020-01-02 00:00:00
 8207-50-11;5405.0;BROCA AÇO RAPIDO FERRO 3,9mm - 5/32   IRWIN;Não;2020-01-07 00:00:00
 8207-50-11;5405.0;BROCA MOURAO AÇO 3 PTAS 5/16 X 280mm   IRWIN;Não;2020-01-07 00:00:00
 8207-50-11;5405.0;BROCA AÇO RAPIDO FERRO 7,9mm - 5/16;Não;2020-01-09 00:00:00
 8207-50-11;5102.0;BROCA CONC VIDEA 10MM IRWIN #N(E);Não;2020-01-13 00:00:00
 8207-50-11;5405.0;BROCA AÇO RAPIDO FERRO  6,00mm   IRWIN;Não;2020-01-23 00:00:00
 8207-50-11;5405.0;BROCA AÇO RAPIDO FERRO 4,7mm - 3/16   IRWIN;Não;2020-01-27 00:00:00
 8207-50-11;5102.0;BROCA AÇO RAPIDO  1/8 IRWIN;Não;2020-01-28 00:00:00
 8207-50-11;5405.0;BROCA AÇO RAPIDO FERRO  5,00mm   IRWIN;Não;2020-01-29 00:00:00
 8207-50-11;5405.0;BROCA 3 PONTAS MADEIRA 06mm   IRWIN;Não;2020-01-29 00:00:00
 8207-90-00;5102.0;PONTEIRA PH2 (PHILLIPS) 1/4 X 25,0mm;Não;2020-01-11 00:00:00
 8208-10-00;5102.0;LAMINA FACA P/ROÇADEIRA FURO 1´´;Não;2020-01-21 00:00:00
 8208-40-00;5102.0;FACA BOVINA 2001-2002 JS;Não;2020-01-09 00:00:00
 8208-40-00;5102.0;LAMINA ROÇADEIRA 350X2,0X25,4mm AFIAÇO;Não;2020-01-27 00:00:00
 8213-00-00;5102.0;TESOURA MULTIUSO 19 CM REF162N- 7 1/2 MUNDIAL;Não;2020-01-23 00:00:00
 8301-10-00;5405.0;CADEADO 25mm   PADO;Não;2020-01-02 00:00:00
 8301-10-00;5405.0;CADEADO 50mm   PADO;Não;2020-01-15 00:00:00
 8301-40-00;5102.0;FECHADURA EXT ALAV. GRAFITE 803/03 STAM;Não;2020-01-11 00:00:00
 8301-40-00;5405.0;FERROLHO CHATO PORTA CADEADO 3;Não;2020-01-17 00:00:00
 8301-40-00;5405.0;FERROLHO REDONDO ZINCADO 3´´;Não;2020-01-28 00:00:00
 8301-40-00;5405.0;FERROLHO REDONDO ZINCADO 4´´;Não;2020-01-28 00:00:00
 8301-40-00;5102.0;FECHADURA ALIANÇA MAÇ INT 2700/71;Não;2020-01-30 00:00:00
 8301-70-00;5102.0;COPIA CHAVE YALE;Não;2020-01-30 00:00:00
 8301-70-00;5102.0;COPIA CHAVE GORGE;Não;2020-01-30 00:00:00
 8302-10-00;5102.0;DOBRADIÇA GALVANIZADA  3.1/2  SCHILD;Não;2020-01-02 00:00:00
 8302-10-00;5405.0;DOBRADIÇA CANTO 850 X 3  ZINC/GALV   SILVANA;Não;2020-01-28 00:00:00
 8302-49-00;5405.0;CANTONEIRA 08  X 10;Não;2020-01-24 00:00:00
 8308-20-00;5405.0;REBITE REPUXO ALUM NAT. N-312 3,2 X 12mm;Não;2020-01-24 00:00:00
 8308-20-00;5405.0;REBITE REPUXO N-412 AL. NAT. 4,0 X 12,00mm;Não;2020-01-24 00:00:00
 8311-10-00;5102.0;ELETRODO OK 3,25;Não;2020-01-02 00:00:00
 8311-10-00;5102.0;ELETRODO OK 46.13 2,50mm;Não;2020-01-02 00:00:00
 8311-10-00;5405.0;ELETRODO 3,25mm  REF.6013   BELGO;Não;2020-01-21 00:00:00
 8311-10-00;5102.0;ELETRODO OK SERRALHEIRO 9013 - 2,50mm;Não;2020-01-28 00:00:00
 8481-10-00;5102.0;REGULADOR  DE GAS MED C/MANG 1,25M IMAR;Sim;2020-01-09 00:00:00
 8481-80-11;5405.0;VALVULA PIA AMERICANA CROMADA 3.1/2;Não;2020-01-02 00:00:00
 8481-80-11;5102.0;TORNEIRA COZINHA METAL CURTA 1/2 MARCHEZAN;Não;2020-01-13 00:00:00
 8481-80-19;5405.0;TORNEIRA ALAV. COZINHA 1/2  PVC 1113   HERC;Não;2020-01-02 00:00:00
 8481-80-19;5102.0;BOIA CAIXA DESCARGA CURTA 1/2;Não;2020-01-27 00:00:00
 8481-80-19;5102.0;BOIA CAIXA DAGUA 1/2 KRONA 730 - UN;Não;2020-01-27 00:00:00
 8481-80-19;5405.0;CHUVEIRO C/ BRAÇO S/ REGISTRO 5´´  BCO HERC;Não;2020-01-29 00:00:00
 8481-80-95;5405.0;REGISTRO ESFERA METAL 1/2;Não;2020-01-11 00:00:00
 8481-80-95;5405.0;REGISTRO ESFERA PVC SOLD 32mm  KRONA;Não;2020-01-14 00:00:00
 8481-80-95;5102.0;REGISTRO ESFERA SOLDA 50MM KRONA 544 - UN;Não;2020-01-22 00:00:00
 8481-80-95;5102.0;REGISTRO ESFERA SOLD 25 MM KRONA REF 541;Não;2020-01-23 00:00:00
 8481-80-95;5405.0;REGISTRO ESFERA SOLD.  20mm COMPACTO   KRONA;Não;2020-01-29 00:00:00
 8481-80-99;5405.0;TORNEIRA FILTRO PVC 1117 MARROM   HERC;Não;2020-01-13 00:00:00
 8481-80-99;5405.0;TORNEIRA TANQUE LONGA 1/2  15cm REF. 1158 HERC;Não;2020-01-24 00:00:00
 8481-90-90;5405.0;DUCHA HIGIENICA ABS  1/2   ABS CROMADA;Não;2020-01-03 00:00:00
 8482-91-19;5405.0;COLAR ESFERA RODA TRASEIRA 1/4 NYLON   TECIND;Não;2020-01-02 00:00:00
 8482-91-19;5405.0;ESFERA GRANDE BICICLETA 1/4 RODA 45mm;Não;2020-01-25 00:00:00
 8483-10-90;5102.0;COROA PINHAO EIXO 9 ESTRIAS;Sim;2020-01-21 00:00:00
 8506-10-30;5405.0;BATERIA ALCALINA  9V  6LR61   RAYOVAC;Não;2020-01-13 00:00:00
 8507-10-90;5102.0;BATERIA ZETA - Z60D MFA;Sim;2020-01-11 00:00:00
 8511-10-00;5102.0;VELA IGNIÇÃO BIZ 100/ VIRAGO 250/ WEB 100;Sim;2020-01-25 00:00:00
 8511-10-00;5102.0;VELA IGNIÇÃO TITAN 2000;Sim;2020-01-27 00:00:00
 8513-10-10;5405.0;LANTERNA RECAR.  07 LEDS  BIVOLT   PANDALUX;Não;2020-01-20 00:00:00
 8513-10-10;5102.0;LANTERNA RECARR. 1 SUP LED 0,5W 50LM BIV EWD HF01A;Não;2020-01-21 00:00:00
 8516-10-00;5102.0;EBULIDOR ALUMINIO 127V  2000W  37cm   COTHERM;Não;2020-01-20 00:00:00
 8516-10-00;5102.0;DUCHA ENERDUCHA 5400 W X 127 V;Não;2020-01-24 00:00:00
 8516-80-10;5405.0;RESISTENCIA  127V 5500W   LORENZETTI;Não;2020-01-23 00:00:00
 8529-10-19;5102.0;ANTENA TV EXT LOG UHF/DIGIT 28 ELEM REF SL-2800;Não;2020-01-22 00:00:00
 8529-90-30;5405.0;CACHIMBO DUPLO   F.C.;Não;2020-01-21 00:00:00
 8536-50-90;5405.0;23100 INTERRUPTORES C/3 SIMPLES BCO;Sim;2020-01-02 00:00:00
 8536-50-90;5405.0;TOMADA PADRAO 10A BCA;Sim;2020-01-14 00:00:00
 8536-50-90;5405.0;TOMADA PADRAO 20 A EXT BCA;Sim;2020-01-18 00:00:00
 8536-61-00;5102.0;RECEPTACULO PORCELANA MILLA HX2303 E27;Não;2020-01-02 00:00:00
 8536-61-00;5102.0;BOCAL PORTA LAMPADA C/ RABICHO  REF.1610   ILUMI;Não;2020-01-03 00:00:00
 8536-69-90;5405.0;TOMADA DUPLA PADRAO 10A;Não;2020-01-11 00:00:00
 8536-90-10;5102.0;CONECTOR PORCELANA BIPOLAR 16 mm;Não;2020-01-16 00:00:00
 8536-90-10;5102.0;CONECTOR PORCELANA TRIPOLAR 10 mm;Não;2020-01-17 00:00:00
 8536-90-90;5102.0;PINO MACHO 2P SOLIDO PEQ.;Não;2020-01-04 00:00:00
 8536-90-90;5405.0;TERMINAL PONTEIRA 580 (1159) MBB-SCANIA-VOLVO;Não;2020-01-09 00:00:00
 8536-90-90;5102.0;PINO FEMEA 3P 10A VELTRA;Não;2020-01-10 00:00:00
 8536-90-90;5102.0;PINO 3 SAIDA 2P + T 10 A;Não;2020-01-24 00:00:00
 8536-90-90;5102.0;PINO PRENSA CABO GIG. CZ 10A 250V;Não;2020-01-24 00:00:00
 8539-21-10;5102.0;LAMPADA FAROL H4 12V 60/55W;Não;2020-01-18 00:00:00
 8539-21-10;5102.0;LAMPADA AMBAR PISCA TITAN/TWISTER 2000/...;Não;2020-01-27 00:00:00
 8539-29-10;5102.0;LAMPADA AUT 12V-21/5W 2 POLOS PINO DESENCONTRADO;Não;2020-01-06 00:00:00
 8539-50-00;5102.0;LAMPADA LED ALT POTEN 20W BIV 65010K;Não;2020-01-07 00:00:00
 8539-50-00;5102.0;LAMPADA LED 06W 0605LM BIV 6500K LUZ BCA EMPALUX;Não;2020-01-27 00:00:00
 8539-50-00;5102.0;LAMPADA LED 15W 1450LM BIV FOXLUX;Não;2020-01-30 00:00:00
 8544-42-00;5102.0;EXTENSAO ELETRICA TRIPLA  03 MTS;Não;2020-01-15 00:00:00
 8544-49-00;5405.0;CABO FLEXIVEL 6 MM AZUL;Não;2020-01-06 00:00:00
 8544-49-00;5405.0;CABO FLEXIVEL 2,5 mm   AZUL;Não;2020-01-30 00:00:00
 8712-00-00;5405.0;BICICLETA ATHOR ARO 26 FEM.  18V  C/CESTA TOP;Não;2020-01-04 00:00:00
 8714-92-00;5405.0;RAIO CROMADO 275 X 2,5mm   TODOS;Não;2020-01-16 00:00:00
 8714-92-00;5405.0;ARO ALUMINIO 26 X 1.9 ALUM. NATURAL   36F;Não;2020-01-16 00:00:00
 8714-92-00;5405.0;ARO ALUMINIO 24x1.75 NATURAL T HEADS;Não;2020-01-21 00:00:00
 8714-92-00;5405.0;RAIO ZINCADO 240 X 2,5mm   ENINCO;Não;2020-01-21 00:00:00
 8714-93-10;5405.0;CAIXA RODA TRASEIRA C/BATENTE PTO;Não;2020-01-04 00:00:00
 8714-93-10;5405.0;CUBO ALUMINIO DIANTEIRO 36F C/ ESP.  NINGBO;Não;2020-01-16 00:00:00
 8714-93-20;5102.0;RODA LIVRE 20 DENTES  TODA ESFERA;Não;2020-01-15 00:00:00
 8714-93-20;5102.0;RODA LIVRE 6V INDEX 14 A 28  TZ20 C/ULT. PTO;Não;2020-01-21 00:00:00
 8714-93-20;5405.0;RODA LIVRE 7 VEL. INDEX DOURADO;Não;2020-01-29 00:00:00
 8714-94-90;5405.0;CABO AÇO FREIO TRASEIRO BICICLETA   BORSATO;Não;2020-01-06 00:00:00
 8714-94-90;5102.0;CONDUITE ENCAPADO PTO C/ TEFLON;Não;2020-01-06 00:00:00
 8714-94-90;5405.0;FREIO V-BRAKE ALUM. PTO FOSCO MOD.919;Não;2020-01-21 00:00:00
 8714-95-00;5405.0;SELIM CROSS ANZUO PTO C/CARRINHO;Não;2020-01-21 00:00:00
 8714-96-00;5405.0;PEDAL PLASTICO MTB SUECO 1/2     METALCICLO;Não;2020-01-18 00:00:00
 8714-96-00;5405.0;PEDAL MOUTAIN BARRA SUECO;Não;2020-01-21 00:00:00
 8714-96-00;5405.0;MOVIMENTO CENTRAL 122mm AÇO SEL. C/ROL.  NECO;Não;2020-01-25 00:00:00
 8714-99-10;5102.0;CAMBIO TRASEIRO SP-HY7 7V. PTO. C/PONTEIRA;Não;2020-01-14 00:00:00
 8714-99-90;5102.0;DESCANSO CENTRAL ALUMINIO NATURAL  310mm;Não;2020-01-13 00:00:00
 8714-99-90;5102.0;CAIXA DIREÇAO EC H846 1-1/8 34/34 CROMADA;Não;2020-01-13 00:00:00
 8714-99-90;5102.0;PONTEIRA ALUMINIO P/QUADRO MTB TUFF X-25;Não;2020-01-14 00:00:00
 8714-99-90;5405.0;ENGRENAGEM 46 DENTES AÇO CROMADO;Não;2020-01-16 00:00:00
 8714-99-90;5405.0;SAPATA FREIO SUECO (PAR);Não;2020-01-16 00:00:00
 8714-99-90;5405.0;MOVIMENTO CENTRAL 45mm ZINC. 10 PÇS   CHIN HAUR;Não;2020-01-20 00:00:00
 8714-99-90;5405.0;SUPORTE GUIDAO MTB 21,1 mm ALUM POL C/EXP.;Não;2020-01-21 00:00:00
 8714-99-90;5102.0;EIXO FRD TRAS, 10X145MM, C/CONE, PTO;Não;2020-01-21 00:00:00
 8714-99-90;5102.0;CAIXA CUBO TRAS. C/ BATENTE 300MM;Não;2020-01-25 00:00:00
 9004-90-20;5405.0;OCULOS PROTEÇAO INCOLOR RJ SPACE;Não;2020-01-14 00:00:00
 9004-90-20;5102.0;OCULOS PRO-SAFETY DE SEG SKY INCOLOR;Não;2020-01-14 00:00:00
 9004-90-20;5102.0;OCULOS PROTECAO CZA LEOPARDO;Não;2020-01-14 00:00:00
 9004-90-20;5102.0;OCULOS RUNNER INCOLOR 56310 VIC;Não;2020-01-14 00:00:00
 9017-20-00;5405.0;ESQUADRO CABO PVC 12´´;Não;2020-01-27 00:00:00
 9017-80-90;5102.0;TRENA ACO EMBOR. 5m X 25mm;Não;2020-01-27 00:00:00
 9017-80-90;5405.0;TRENA AÇO 05mX25mm EMBORRACHADA;Não;2020-01-27 00:00:00
 9018-31-19;5405.0;SERINGA DESCARTAVEL 03ml C/ AGULHA;Não;2020-01-04 00:00:00
 9018-31-19;5405.0;SERINGA DESCARTAVEL  5 ML;Não;2020-01-07 00:00:00
 9018-31-19;5405.0;SERINGA DESCARTAVEL 20 ML C/ AGULHA;Não;2020-01-16 00:00:00
 9018-32-19;5405.0;AGULHA DESCARTAVEL 1,20x40mm   DB;Não;2020-01-28 00:00:00
 9018-39-10;5405.0;AGULHA VETERINARIA 25x12   HOPPNER;Não;2020-01-07 00:00:00
 9018-39-29;5102.0;KIT REPARO SERINGA PISTOLA 50 ML;Não;2020-01-06 00:00:00
 9033-00-00;5102.0;UNHA N.7 PARA SERINGA AUTOMATICA HOPPNER 50 ML;Não;2020-01-06 00:00:00
 9209-30-00;5405.0;ENCORDOAMENTO VIOLAO R-57 NYLON 80/20 ROUXINOL;Não;2020-01-28 00:00:00
 9306-29-00;5405.0;CHUMBINHO ESPING. DIABOLO 5,5 - C/125;Não;2020-01-21 00:00:00
 9506-99-00;5102.0;PISCINA L83 X 38 CM 977 LITROS INTEX;Não;2020-01-06 00:00:00
 9507-20-00;5102.0;ANZOL 4330 H N.18 MARINE SPORTS;Não;2020-01-03 00:00:00
 9603-10-00;5405.0;VASSOURA PIAÇAVA  N.3   SOARES;Não;2020-01-02 00:00:00
 9603-10-00;5102.0;VASSOURA PIACAVA N.3 SOARES;Não;2020-01-30 00:00:00
 9603-30-00;5102.0;PINCEL ESC ART PONTA CHATA N. 12 CONDOR;Não;2020-01-29 00:00:00
 9603-40-10;5405.0;ROLO ESPUMA 05 CM POLIESTER   ATLAS;Não;2020-01-10 00:00:00
 9603-40-10;5405.0;ROLO ESPUMA 09 CM POLIESTER   ATLAS;Não;2020-01-14 00:00:00
 9603-40-10;5405.0;ROLO LA ANTIRESPINGO  23cm   ATLAS;Não;2020-01-16 00:00:00
 9603-40-90;5405.0;TRINCHA 1.1/2;Não;2020-01-21 00:00:00
 9603-40-90;5102.0;TRINCHA CERDA MISTA 395/6 - 2 1/2 ATLAS;Não;2020-01-25 00:00:00
 9603-90-00;5405.0;RODO PLASTICO 40cm   SOARES;Não;2020-01-02 00:00:00
 9603-90-00;5405.0;ESCOVA AÇO CABO MADEIRA 4 FILAS  MAX;Não;2020-01-20 00:00:00
 9604-00-00;5405.0;PENEIRA ARROZ 55   SAO JORGE;Não;2020-01-20 00:00:00
 9609-10-00;5102.0;LAPIS CARPINTEIRO;Não;2020-01-14 00:00:00
 9617-00-10;5102.0;GARRAFA TEMOLAR PERSONAL 0,5L VRM;Não;2020-01-04 00:00:00
